{"cameraMode":{"drawMode":0,"name":"Shaded","section":"Shading Mode"},"sceneLighting":false,"audioPlay":false,"sceneViewState":{"showFog":true,"showMaterialUpdate":false,"showSkybox":false,"showFlares":true,"showImageEffects":true,"showParticleSystems":true,"showVisualEffectGraphs":true,"m_FxEnabled":true},"in2DMode":false,"pivot":{"x":0.17277488112449647,"y":0.5069327354431152,"z":0.5579674243927002},"rotation":{"x":-0.003923410549759865,"y":0.9950255751609802,"z":-0.043619554489851,"w":-0.08949285000562668},"size":0.9247447848320007,"orthographic":false}